97.96.92.49,2020-07-14 19:26:51.293966
97.96.92.49,2020-07-14 19:27:20.678286
97.96.92.49,2020-07-14 19:27:45.129524
97.96.92.49,2020-07-14 19:28:43.371032
97.96.92.49,2020-07-14 19:28:49.426661
97.96.92.49,2020-07-14 19:46:42.048064
97.96.92.49,2020-07-14 19:48:10.863372
97.96.92.49,2020-07-14 20:05:40.168768
97.96.92.49,2020-07-14 20:06:46.625236
97.96.92.49,2020-07-14 20:08:30.393275
97.96.92.49,2020-07-14 20:09:38.058547
97.96.92.49,2020-07-14 20:10:20.461722
97.96.92.49,2020-07-14 20:11:26.556619
97.96.92.49,2020-07-14 20:13:12.127421
97.96.92.49,2020-07-14 20:13:52.097376
97.96.92.49,2020-07-14 20:15:03.964410
97.96.92.49,2020-07-14 20:15:18.972302
97.96.92.49,2020-07-14 20:16:19.978849
97.96.92.49,2020-07-14 20:17:18.558441
97.96.92.49,2020-07-14 20:18:29.830132
97.96.92.49,2020-07-14 20:18:54.307308
97.96.92.49,2020-07-14 20:19:54.861250
97.96.92.49,2020-07-14 20:21:25.691580
97.96.92.49,2020-07-14 20:22:47.543358
97.96.92.49,2020-07-14 20:23:30.468436
97.96.92.49,2020-07-14 23:47:36.817459
97.96.92.49,2020-07-14 23:48:35.804622
97.96.92.49,2020-07-14 23:48:38.526901
97.96.92.49,2020-07-14 23:48:41.311909
97.96.92.49,2020-07-14 23:48:44.298273
97.96.92.49,2020-07-14 23:48:46.858895
97.96.92.49,2020-07-14 23:48:49.089942
97.96.92.49,2020-07-14 23:48:59.656196
97.96.92.49,2020-07-14 23:49:01.849885
97.96.92.49,2020-07-14 23:49:04.731200
97.96.92.49,2020-07-14 23:49:07.304846
127.0.0.1,2020-07-15 00:11:27.543598
127.0.0.1,2020-07-15 00:15:08.963500
127.0.0.1,2020-07-15 00:15:12.062333
127.0.0.1,2020-07-15 00:15:14.883471
127.0.0.1,2020-07-15 00:17:49.415306
127.0.0.1,2020-07-15 00:17:52.732470
127.0.0.1,2020-07-15 00:18:18.076901
127.0.0.1,2020-07-15 00:18:20.941370
127.0.0.1,2020-07-15 00:18:23.607334
127.0.0.1,2020-07-15 00:18:25.860485
127.0.0.1,2020-07-15 00:18:28.695273
127.0.0.1,2020-07-15 00:18:31.262159
127.0.0.1,2020-07-15 00:18:33.581313
127.0.0.1,2020-07-15 00:18:35.924251
127.0.0.1,2020-07-15 00:18:38.789964
127.0.0.1,2020-07-15 00:18:41.626908
127.0.0.1,2020-07-15 00:18:44.133149
127.0.0.1,2020-07-15 00:18:46.777229
127.0.0.1,2020-07-15 00:18:49.793119
